{
  "$schema": "http://json-schema.org/draft-07/schema#",
  "title": "ExecuteMsg",
  "oneOf": [
    {
      "description": "Implements the Cw20 receiver interface",
      "type": "object",
      "required": [
        "receive"
      ],
      "properties": {
        "receive": {
          "$ref": "#/definitions/Cw20ReceiveMsg"
        }
      },
      "additionalProperties": false
    },
    {
      "description": "Claim yield extracted rewards",
      "type": "object",
      "required": [
        "harvest"
      ],
      "properties": {
        "harvest": {
          "type": "object"
        }
      },
      "additionalProperties": false
    },
    {
      "description": "Updates the fee config,",
      "type": "object",
      "required": [
        "update_config"
      ],
      "properties": {
        "update_config": {
          "type": "object",
          "properties": {
            "yield_extract_addr": {
              "description": "Contract address where fees are sent",
              "type": [
                "string",
                "null"
              ]
            }
          }
        }
      },
      "additionalProperties": false
    },
    {
      "description": "Transfer ownership to another account; will not take effect unless the new owner accepts",
      "type": "object",
      "required": [
        "transfer_ownership"
      ],
      "properties": {
        "transfer_ownership": {
          "type": "object",
          "required": [
            "new_owner"
          ],
          "properties": {
            "new_owner": {
              "type": "string"
            }
          }
        }
      },
      "additionalProperties": false
    },
    {
      "description": "Accept an ownership transfer",
      "type": "object",
      "required": [
        "accept_ownership"
      ],
      "properties": {
        "accept_ownership": {
          "type": "object"
        }
      },
      "additionalProperties": false
    }
  ],
  "definitions": {
    "Binary": {
      "description": "Binary is a wrapper around Vec<u8> to add base64 de/serialization with serde. It also adds some helper methods to help encode inline.\n\nThis is only needed as serde-json-{core,wasm} has a horrible encoding for Vec<u8>",
      "type": "string"
    },
    "Cw20ReceiveMsg": {
      "description": "Cw20ReceiveMsg should be de/serialized under `Receive()` variant in a ExecuteMsg",
      "type": "object",
      "required": [
        "amount",
        "msg",
        "sender"
      ],
      "properties": {
        "amount": {
          "$ref": "#/definitions/Uint128"
        },
        "msg": {
          "$ref": "#/definitions/Binary"
        },
        "sender": {
          "type": "string"
        }
      }
    },
    "Uint128": {
      "description": "A thin wrapper around u128 that is using strings for JSON encoding/decoding, such that the full u128 range can be used for clients that convert JSON numbers to floats, like JavaScript and jq.\n\n# Examples\n\nUse `from` to create instances of this and `u128` to get the value out:\n\n``` # use cosmwasm_std::Uint128; let a = Uint128::from(123u128); assert_eq!(a.u128(), 123);\n\nlet b = Uint128::from(42u64); assert_eq!(b.u128(), 42);\n\nlet c = Uint128::from(70u32); assert_eq!(c.u128(), 70); ```",
      "type": "string"
    }
  }
}
