{
  "$schema": "http://json-schema.org/draft-07/schema#",
  "title": "QueryMsg",
  "oneOf": [
    {
      "description": "The contract's configurations. Response: `ConfigResponse`",
      "type": "object",
      "required": [
        "config"
      ],
      "properties": {
        "config": {
          "type": "object"
        }
      },
      "additionalProperties": false
    },
    {
      "description": "The contract's current state. Response: `StateResponse`",
      "type": "object",
      "required": [
        "state"
      ],
      "properties": {
        "state": {
          "type": "object",
          "properties": {
            "addr": {
              "type": [
                "string",
                "null"
              ]
            }
          }
        }
      },
      "additionalProperties": false
    },
    {
      "type": "object",
      "required": [
        "share"
      ],
      "properties": {
        "share": {
          "type": "object",
          "properties": {
            "addr": {
              "type": [
                "string",
                "null"
              ]
            }
          }
        }
      },
      "additionalProperties": false
    }
  ]
}
