{
  "$schema": "http://json-schema.org/draft-07/schema#",
  "title": "ExecuteMsg",
  "description": "This structure describes the execute messages available in the contract.",
  "oneOf": [
    {
      "description": "Receives a message of type [`Cw20ReceiveMsg`]",
      "type": "object",
      "required": [
        "receive"
      ],
      "properties": {
        "receive": {
          "$ref": "#/definitions/Cw20ReceiveMsg"
        }
      },
      "additionalProperties": false
    },
    {
      "description": "Update contract config",
      "type": "object",
      "required": [
        "update_config"
      ],
      "properties": {
        "update_config": {
          "type": "object",
          "properties": {
            "compound_proxy": {
              "description": "The compound proxy contract address",
              "type": [
                "string",
                "null"
              ]
            },
            "controller": {
              "description": "The controller address",
              "type": [
                "string",
                "null"
              ]
            },
            "fee": {
              "description": "The performance fee",
              "anyOf": [
                {
                  "$ref": "#/definitions/Decimal"
                },
                {
                  "type": "null"
                }
              ]
            },
            "fee_collector": {
              "description": "The fee collector contract address",
              "type": [
                "string",
                "null"
              ]
            }
          }
        }
      },
      "additionalProperties": false
    },
    {
      "description": "Compound LP rewards",
      "type": "object",
      "required": [
        "compound"
      ],
      "properties": {
        "compound": {
          "type": "object",
          "properties": {
            "minimum_receive": {
              "description": "The minimum expected amount of LP token",
              "anyOf": [
                {
                  "$ref": "#/definitions/Uint128"
                },
                {
                  "type": "null"
                }
              ]
            },
            "slippage_tolerance": {
              "description": "Slippage tolerance when providing LP",
              "anyOf": [
                {
                  "$ref": "#/definitions/Decimal"
                },
                {
                  "type": "null"
                }
              ]
            }
          }
        }
      },
      "additionalProperties": false
    },
    {
      "description": "Bond asset with optimal swap",
      "type": "object",
      "required": [
        "bond_assets"
      ],
      "properties": {
        "bond_assets": {
          "type": "object",
          "required": [
            "assets"
          ],
          "properties": {
            "assets": {
              "description": "The list of asset to bond",
              "type": "array",
              "items": {
                "$ref": "#/definitions/Asset"
              }
            },
            "minimum_receive": {
              "description": "The minimum expected amount of LP token",
              "anyOf": [
                {
                  "$ref": "#/definitions/Uint128"
                },
                {
                  "type": "null"
                }
              ]
            },
            "no_swap": {
              "description": "The flag to skip optimal swap",
              "type": [
                "boolean",
                "null"
              ]
            },
            "slippage_tolerance": {
              "description": "Slippage tolerance when providing LP",
              "anyOf": [
                {
                  "$ref": "#/definitions/Decimal"
                },
                {
                  "type": "null"
                }
              ]
            }
          }
        }
      },
      "additionalProperties": false
    },
    {
      "description": "Creates a request to change the contract's ownership",
      "type": "object",
      "required": [
        "propose_new_owner"
      ],
      "properties": {
        "propose_new_owner": {
          "type": "object",
          "required": [
            "expires_in",
            "owner"
          ],
          "properties": {
            "expires_in": {
              "description": "The validity period of the proposal to change the owner",
              "type": "integer",
              "format": "uint64",
              "minimum": 0.0
            },
            "owner": {
              "description": "The newly proposed owner",
              "type": "string"
            }
          }
        }
      },
      "additionalProperties": false
    },
    {
      "description": "Removes a request to change contract ownership",
      "type": "object",
      "required": [
        "drop_ownership_proposal"
      ],
      "properties": {
        "drop_ownership_proposal": {
          "type": "object"
        }
      },
      "additionalProperties": false
    },
    {
      "description": "Claims contract ownership",
      "type": "object",
      "required": [
        "claim_ownership"
      ],
      "properties": {
        "claim_ownership": {
          "type": "object"
        }
      },
      "additionalProperties": false
    },
    {
      "description": "The callback of type [`CallbackMsg`]",
      "type": "object",
      "required": [
        "callback"
      ],
      "properties": {
        "callback": {
          "$ref": "#/definitions/CallbackMsg"
        }
      },
      "additionalProperties": false
    }
  ],
  "definitions": {
    "Addr": {
      "description": "A human readable address.\n\nIn Cosmos, this is typically bech32 encoded. But for multi-chain smart contracts no assumptions should be made other than being UTF-8 encoded and of reasonable length.\n\nThis type represents a validated address. It can be created in the following ways 1. Use `Addr::unchecked(input)` 2. Use `let checked: Addr = deps.api.addr_validate(input)?` 3. Use `let checked: Addr = deps.api.addr_humanize(canonical_addr)?` 4. Deserialize from JSON. This must only be done from JSON that was validated before such as a contract's state. `Addr` must not be used in messages sent by the user because this would result in unvalidated instances.\n\nThis type is immutable. If you really need to mutate it (Really? Are you sure?), create a mutable copy using `let mut mutable = Addr::to_string()` and operate on that `String` instance.",
      "type": "string"
    },
    "Asset": {
      "title": "Description",
      "description": "This enum describes a Terra asset (native or CW20).",
      "type": "object",
      "required": [
        "amount",
        "info"
      ],
      "properties": {
        "amount": {
          "description": "A token amount",
          "allOf": [
            {
              "$ref": "#/definitions/Uint128"
            }
          ]
        },
        "info": {
          "description": "Information about an asset stored in a [`AssetInfo`] struct",
          "allOf": [
            {
              "$ref": "#/definitions/AssetInfo"
            }
          ]
        }
      }
    },
    "AssetInfo": {
      "description": "This enum describes available Token types. ## Examples ``` # use cosmwasm_std::Addr; # use astroport::asset::AssetInfo::{NativeToken, Token}; Token { contract_addr: Addr::unchecked(\"terra...\") }; NativeToken { denom: String::from(\"uluna\") }; ```",
      "oneOf": [
        {
          "description": "Non-native Token",
          "type": "object",
          "required": [
            "token"
          ],
          "properties": {
            "token": {
              "type": "object",
              "required": [
                "contract_addr"
              ],
              "properties": {
                "contract_addr": {
                  "$ref": "#/definitions/Addr"
                }
              }
            }
          },
          "additionalProperties": false
        },
        {
          "description": "Native token",
          "type": "object",
          "required": [
            "native_token"
          ],
          "properties": {
            "native_token": {
              "type": "object",
              "required": [
                "denom"
              ],
              "properties": {
                "denom": {
                  "type": "string"
                }
              }
            }
          },
          "additionalProperties": false
        }
      ]
    },
    "Binary": {
      "description": "Binary is a wrapper around Vec<u8> to add base64 de/serialization with serde. It also adds some helper methods to help encode inline.\n\nThis is only needed as serde-json-{core,wasm} has a horrible encoding for Vec<u8>",
      "type": "string"
    },
    "CallbackMsg": {
      "description": "This structure describes the callback messages of the contract.",
      "oneOf": [
        {
          "type": "object",
          "required": [
            "stake"
          ],
          "properties": {
            "stake": {
              "type": "object",
              "required": [
                "prev_balance"
              ],
              "properties": {
                "minimum_receive": {
                  "description": "The minimum expected amount of LP token",
                  "anyOf": [
                    {
                      "$ref": "#/definitions/Uint128"
                    },
                    {
                      "type": "null"
                    }
                  ]
                },
                "prev_balance": {
                  "description": "The previous LP balance in the contract",
                  "allOf": [
                    {
                      "$ref": "#/definitions/Uint128"
                    }
                  ]
                }
              }
            }
          },
          "additionalProperties": false
        },
        {
          "type": "object",
          "required": [
            "bond_to"
          ],
          "properties": {
            "bond_to": {
              "type": "object",
              "required": [
                "prev_balance",
                "to"
              ],
              "properties": {
                "minimum_receive": {
                  "description": "The minimum expected amount of LP token",
                  "anyOf": [
                    {
                      "$ref": "#/definitions/Uint128"
                    },
                    {
                      "type": "null"
                    }
                  ]
                },
                "prev_balance": {
                  "description": "The previous LP balance in the contract",
                  "allOf": [
                    {
                      "$ref": "#/definitions/Uint128"
                    }
                  ]
                },
                "to": {
                  "description": "The address to bond LP",
                  "allOf": [
                    {
                      "$ref": "#/definitions/Addr"
                    }
                  ]
                }
              }
            }
          },
          "additionalProperties": false
        }
      ]
    },
    "Cw20ReceiveMsg": {
      "description": "Cw20ReceiveMsg should be de/serialized under `Receive()` variant in a ExecuteMsg",
      "type": "object",
      "required": [
        "amount",
        "msg",
        "sender"
      ],
      "properties": {
        "amount": {
          "$ref": "#/definitions/Uint128"
        },
        "msg": {
          "$ref": "#/definitions/Binary"
        },
        "sender": {
          "type": "string"
        }
      }
    },
    "Decimal": {
      "description": "A fixed-point decimal value with 18 fractional digits, i.e. Decimal(1_000_000_000_000_000_000) == 1.0\n\nThe greatest possible value that can be represented is 340282366920938463463.374607431768211455 (which is (2^128 - 1) / 10^18)",
      "type": "string"
    },
    "Uint128": {
      "description": "A thin wrapper around u128 that is using strings for JSON encoding/decoding, such that the full u128 range can be used for clients that convert JSON numbers to floats, like JavaScript and jq.\n\n# Examples\n\nUse `from` to create instances of this and `u128` to get the value out:\n\n``` # use cosmwasm_std::Uint128; let a = Uint128::from(123u128); assert_eq!(a.u128(), 123);\n\nlet b = Uint128::from(42u64); assert_eq!(b.u128(), 42);\n\nlet c = Uint128::from(70u32); assert_eq!(c.u128(), 70); ```",
      "type": "string"
    }
  }
}
