{
  "$schema": "http://json-schema.org/draft-07/schema#",
  "title": "InstantiateMsg",
  "description": "This structure describes the parameters for creating a contract.",
  "type": "object",
  "required": [
    "amp_lp",
    "base_reward_token",
    "compound_proxy",
    "controller",
    "fee",
    "fee_collector",
    "liquidity_token",
    "owner",
    "staking_contract"
  ],
  "properties": {
    "amp_lp": {
      "description": "Information about the amp[LP] Token for pool shares.",
      "allOf": [
        {
          "$ref": "#/definitions/TokenInit"
        }
      ]
    },
    "base_reward_token": {
      "description": "the base reward token contract address",
      "type": "string"
    },
    "compound_proxy": {
      "description": "The compound proxy contract address",
      "type": "string"
    },
    "controller": {
      "description": "The controller address to execute compound",
      "type": "string"
    },
    "fee": {
      "description": "The performance fee",
      "allOf": [
        {
          "$ref": "#/definitions/Decimal"
        }
      ]
    },
    "fee_collector": {
      "description": "The fee collector contract address",
      "type": "string"
    },
    "liquidity_token": {
      "description": "The LP token contract address",
      "type": "string"
    },
    "owner": {
      "description": "The owner address",
      "type": "string"
    },
    "staking_contract": {
      "description": "The LP staking generator contract address",
      "type": "string"
    }
  },
  "definitions": {
    "Decimal": {
      "description": "A fixed-point decimal value with 18 fractional digits, i.e. Decimal(1_000_000_000_000_000_000) == 1.0\n\nThe greatest possible value that can be represented is 340282366920938463463.374607431768211455 (which is (2^128 - 1) / 10^18)",
      "type": "string"
    },
    "TokenInit": {
      "type": "object",
      "required": [
        "cw20_code_id",
        "decimals",
        "name",
        "symbol"
      ],
      "properties": {
        "cw20_code_id": {
          "description": "Code Id of the amp[LP] token",
          "type": "integer",
          "format": "uint64",
          "minimum": 0.0
        },
        "decimals": {
          "description": "Number of decimals of the liquid staking token",
          "type": "integer",
          "format": "uint8",
          "minimum": 0.0
        },
        "name": {
          "description": "Name of the liquid staking token",
          "type": "string"
        },
        "symbol": {
          "description": "Symbol of the liquid staking token",
          "type": "string"
        }
      }
    }
  }
}
