{
  "$schema": "http://json-schema.org/draft-07/schema#",
  "title": "ConfigResponse",
  "type": "object",
  "required": [
    "epoch_period",
    "fee_config",
    "owner",
    "stake_token",
    "unbond_period",
    "validators"
  ],
  "properties": {
    "epoch_period": {
      "description": "How often the unbonding queue is to be executed, in seconds",
      "type": "integer",
      "format": "uint64",
      "minimum": 0.0
    },
    "fee_config": {
      "description": "Information about applied fees",
      "allOf": [
        {
          "$ref": "#/definitions/FeeConfig"
        }
      ]
    },
    "new_owner": {
      "description": "Pending ownership transfer, awaiting acceptance by the new owner",
      "type": [
        "string",
        "null"
      ]
    },
    "owner": {
      "description": "Account who can call certain privileged functions",
      "type": "string"
    },
    "stake_token": {
      "description": "Address of the Stake token",
      "type": "string"
    },
    "unbond_period": {
      "description": "The staking module's unbonding time, in seconds",
      "type": "integer",
      "format": "uint64",
      "minimum": 0.0
    },
    "validators": {
      "description": "Initial set of validators who will receive the delegations",
      "type": "array",
      "items": {
        "type": "string"
      }
    }
  },
  "definitions": {
    "Addr": {
      "description": "A human readable address.\n\nIn Cosmos, this is typically bech32 encoded. But for multi-chain smart contracts no assumptions should be made other than being UTF-8 encoded and of reasonable length.\n\nThis type represents a validated address. It can be created in the following ways 1. Use `Addr::unchecked(input)` 2. Use `let checked: Addr = deps.api.addr_validate(input)?` 3. Use `let checked: Addr = deps.api.addr_humanize(canonical_addr)?` 4. Deserialize from JSON. This must only be done from JSON that was validated before such as a contract's state. `Addr` must not be used in messages sent by the user because this would result in unvalidated instances.\n\nThis type is immutable. If you really need to mutate it (Really? Are you sure?), create a mutable copy using `let mut mutable = Addr::to_string()` and operate on that `String` instance.",
      "type": "string"
    },
    "Decimal": {
      "description": "A fixed-point decimal value with 18 fractional digits, i.e. Decimal(1_000_000_000_000_000_000) == 1.0\n\nThe greatest possible value that can be represented is 340282366920938463463.374607431768211455 (which is (2^128 - 1) / 10^18)",
      "type": "string"
    },
    "FeeConfig": {
      "type": "object",
      "required": [
        "protocol_fee_contract",
        "protocol_reward_fee"
      ],
      "properties": {
        "protocol_fee_contract": {
          "description": "Contract address where fees are sent",
          "allOf": [
            {
              "$ref": "#/definitions/Addr"
            }
          ]
        },
        "protocol_reward_fee": {
          "description": "Fees that are being applied during reinvest of staking rewards",
          "allOf": [
            {
              "$ref": "#/definitions/Decimal"
            }
          ]
        }
      }
    }
  }
}
