{
  "$schema": "http://json-schema.org/draft-07/schema#",
  "title": "QueryMsg",
  "oneOf": [
    {
      "description": "The contract's configurations. Response: `ConfigResponse`",
      "type": "object",
      "required": [
        "config"
      ],
      "properties": {
        "config": {
          "type": "object"
        }
      },
      "additionalProperties": false
    },
    {
      "description": "The contract's current state. Response: `StateResponse`",
      "type": "object",
      "required": [
        "state"
      ],
      "properties": {
        "state": {
          "type": "object"
        }
      },
      "additionalProperties": false
    },
    {
      "description": "The current batch on unbonding requests pending submission. Response: `PendingBatch`",
      "type": "object",
      "required": [
        "pending_batch"
      ],
      "properties": {
        "pending_batch": {
          "type": "object"
        }
      },
      "additionalProperties": false
    },
    {
      "description": "Query an individual batch that has previously been submitted for unbonding but have not yet fully withdrawn. Response: `Batch`",
      "type": "object",
      "required": [
        "previous_batch"
      ],
      "properties": {
        "previous_batch": {
          "type": "integer",
          "format": "uint64",
          "minimum": 0.0
        }
      },
      "additionalProperties": false
    },
    {
      "description": "Enumerate all previous batches that have previously been submitted for unbonding but have not yet fully withdrawn. Response: `Vec<Batch>`",
      "type": "object",
      "required": [
        "previous_batches"
      ],
      "properties": {
        "previous_batches": {
          "type": "object",
          "properties": {
            "limit": {
              "type": [
                "integer",
                "null"
              ],
              "format": "uint32",
              "minimum": 0.0
            },
            "start_after": {
              "type": [
                "integer",
                "null"
              ],
              "format": "uint64",
              "minimum": 0.0
            }
          }
        }
      },
      "additionalProperties": false
    },
    {
      "description": "Enumerate all outstanding unbonding requests in a given batch. Response: `Vec<UnbondRequestsByBatchResponseItem>`",
      "type": "object",
      "required": [
        "unbond_requests_by_batch"
      ],
      "properties": {
        "unbond_requests_by_batch": {
          "type": "object",
          "required": [
            "id"
          ],
          "properties": {
            "id": {
              "type": "integer",
              "format": "uint64",
              "minimum": 0.0
            },
            "limit": {
              "type": [
                "integer",
                "null"
              ],
              "format": "uint32",
              "minimum": 0.0
            },
            "start_after": {
              "type": [
                "string",
                "null"
              ]
            }
          }
        }
      },
      "additionalProperties": false
    },
    {
      "description": "Enumreate all outstanding unbonding requests from given a user. Response: `Vec<UnbondRequestsByUserResponseItem>`",
      "type": "object",
      "required": [
        "unbond_requests_by_user"
      ],
      "properties": {
        "unbond_requests_by_user": {
          "type": "object",
          "required": [
            "user"
          ],
          "properties": {
            "limit": {
              "type": [
                "integer",
                "null"
              ],
              "format": "uint32",
              "minimum": 0.0
            },
            "start_after": {
              "type": [
                "integer",
                "null"
              ],
              "format": "uint64",
              "minimum": 0.0
            },
            "user": {
              "type": "string"
            }
          }
        }
      },
      "additionalProperties": false
    },
    {
      "description": "Enumreate all outstanding unbonding requests from given a user. Response: `Vec<UnbondRequestsByUserResponseItemDetails>`",
      "type": "object",
      "required": [
        "unbond_requests_by_user_details"
      ],
      "properties": {
        "unbond_requests_by_user_details": {
          "type": "object",
          "required": [
            "user"
          ],
          "properties": {
            "limit": {
              "type": [
                "integer",
                "null"
              ],
              "format": "uint32",
              "minimum": 0.0
            },
            "start_after": {
              "type": [
                "integer",
                "null"
              ],
              "format": "uint64",
              "minimum": 0.0
            },
            "user": {
              "type": "string"
            }
          }
        }
      },
      "additionalProperties": false
    }
  ]
}
