{
  "$schema": "http://json-schema.org/draft-07/schema#",
  "title": "ConfigResponse",
  "type": "object",
  "required": [
    "hub_contract",
    "interface",
    "lp_token",
    "owner",
    "stake_token",
    "yield_extract_addr",
    "yield_extract_p"
  ],
  "properties": {
    "hub_contract": {
      "description": "Hub contract",
      "type": "string"
    },
    "interface": {
      "description": "defines how to interact with the hub_contract for reading the exchange_rate",
      "allOf": [
        {
          "$ref": "#/definitions/LiquidStakingType"
        }
      ]
    },
    "lp_token": {
      "description": "Address of the lp token",
      "type": "string"
    },
    "new_owner": {
      "description": "Pending ownership transfer, awaiting acceptance by the new owner",
      "type": [
        "string",
        "null"
      ]
    },
    "owner": {
      "description": "Account who can call certain privileged functions",
      "type": "string"
    },
    "stake_token": {
      "description": "Address of the stake token",
      "type": "string"
    },
    "yield_extract_addr": {
      "description": "Address where extracted yield should be deposited",
      "type": "string"
    },
    "yield_extract_p": {
      "description": "Percentage of yield that should be extracted (between 0 and 1)",
      "allOf": [
        {
          "$ref": "#/definitions/Decimal"
        }
      ]
    }
  },
  "definitions": {
    "Decimal": {
      "description": "A fixed-point decimal value with 18 fractional digits, i.e. Decimal(1_000_000_000_000_000_000) == 1.0\n\nThe greatest possible value that can be represented is 340282366920938463463.374607431768211455 (which is (2^128 - 1) / 10^18)",
      "type": "string"
    },
    "LiquidStakingType": {
      "type": "string",
      "enum": [
        "eris",
        "stader",
        "steak"
      ]
    }
  }
}
