{
  "$schema": "http://json-schema.org/draft-07/schema#",
  "title": "ReceiveMsg",
  "oneOf": [
    {
      "description": "Deposit cw20 ampLuna into the vault",
      "type": "object",
      "required": [
        "deposit"
      ],
      "properties": {
        "deposit": {
          "type": "object"
        }
      },
      "additionalProperties": false
    },
    {
      "type": "object",
      "required": [
        "withdraw"
      ],
      "properties": {
        "withdraw": {
          "type": "object"
        }
      },
      "additionalProperties": false
    }
  ]
}
