{
  "$schema": "http://json-schema.org/draft-07/schema#",
  "title": "BalancesResponse",
  "description": "A custom struct used to return multiple asset balances.",
  "type": "object",
  "required": [
    "balances"
  ],
  "properties": {
    "balances": {
      "description": "List of asset and balance in the contract",
      "type": "array",
      "items": {
        "$ref": "#/definitions/Asset"
      }
    }
  },
  "definitions": {
    "Addr": {
      "description": "A human readable address.\n\nIn Cosmos, this is typically bech32 encoded. But for multi-chain smart contracts no assumptions should be made other than being UTF-8 encoded and of reasonable length.\n\nThis type represents a validated address. It can be created in the following ways 1. Use `Addr::unchecked(input)` 2. Use `let checked: Addr = deps.api.addr_validate(input)?` 3. Use `let checked: Addr = deps.api.addr_humanize(canonical_addr)?` 4. Deserialize from JSON. This must only be done from JSON that was validated before such as a contract's state. `Addr` must not be used in messages sent by the user because this would result in unvalidated instances.\n\nThis type is immutable. If you really need to mutate it (Really? Are you sure?), create a mutable copy using `let mut mutable = Addr::to_string()` and operate on that `String` instance.",
      "type": "string"
    },
    "Asset": {
      "title": "Description",
      "description": "This enum describes a Terra asset (native or CW20).",
      "type": "object",
      "required": [
        "amount",
        "info"
      ],
      "properties": {
        "amount": {
          "description": "A token amount",
          "allOf": [
            {
              "$ref": "#/definitions/Uint128"
            }
          ]
        },
        "info": {
          "description": "Information about an asset stored in a [`AssetInfo`] struct",
          "allOf": [
            {
              "$ref": "#/definitions/AssetInfo"
            }
          ]
        }
      }
    },
    "AssetInfo": {
      "description": "This enum describes available Token types. ## Examples ``` # use cosmwasm_std::Addr; # use astroport::asset::AssetInfo::{NativeToken, Token}; Token { contract_addr: Addr::unchecked(\"terra...\") }; NativeToken { denom: String::from(\"uluna\") }; ```",
      "oneOf": [
        {
          "description": "Non-native Token",
          "type": "object",
          "required": [
            "token"
          ],
          "properties": {
            "token": {
              "type": "object",
              "required": [
                "contract_addr"
              ],
              "properties": {
                "contract_addr": {
                  "$ref": "#/definitions/Addr"
                }
              }
            }
          },
          "additionalProperties": false
        },
        {
          "description": "Native token",
          "type": "object",
          "required": [
            "native_token"
          ],
          "properties": {
            "native_token": {
              "type": "object",
              "required": [
                "denom"
              ],
              "properties": {
                "denom": {
                  "type": "string"
                }
              }
            }
          },
          "additionalProperties": false
        }
      ]
    },
    "Uint128": {
      "description": "A thin wrapper around u128 that is using strings for JSON encoding/decoding, such that the full u128 range can be used for clients that convert JSON numbers to floats, like JavaScript and jq.\n\n# Examples\n\nUse `from` to create instances of this and `u128` to get the value out:\n\n``` # use cosmwasm_std::Uint128; let a = Uint128::from(123u128); assert_eq!(a.u128(), 123);\n\nlet b = Uint128::from(42u64); assert_eq!(b.u128(), 42);\n\nlet c = Uint128::from(70u32); assert_eq!(c.u128(), 70); ```",
      "type": "string"
    }
  }
}
