{
  "$schema": "http://json-schema.org/draft-07/schema#",
  "title": "FeeConfig",
  "type": "object",
  "required": [
    "protocol_fee_contract",
    "protocol_reward_fee"
  ],
  "properties": {
    "protocol_fee_contract": {
      "description": "Contract address where fees are sent",
      "allOf": [
        {
          "$ref": "#/definitions/Addr"
        }
      ]
    },
    "protocol_reward_fee": {
      "description": "Fees that are being applied during reinvest of staking rewards",
      "allOf": [
        {
          "$ref": "#/definitions/Decimal"
        }
      ]
    }
  },
  "definitions": {
    "Addr": {
      "description": "A human readable address.\n\nIn Cosmos, this is typically bech32 encoded. But for multi-chain smart contracts no assumptions should be made other than being UTF-8 encoded and of reasonable length.\n\nThis type represents a validated address. It can be created in the following ways 1. Use `Addr::unchecked(input)` 2. Use `let checked: Addr = deps.api.addr_validate(input)?` 3. Use `let checked: Addr = deps.api.addr_humanize(canonical_addr)?` 4. Deserialize from JSON. This must only be done from JSON that was validated before such as a contract's state. `Addr` must not be used in messages sent by the user because this would result in unvalidated instances.\n\nThis type is immutable. If you really need to mutate it (Really? Are you sure?), create a mutable copy using `let mut mutable = Addr::to_string()` and operate on that `String` instance.",
      "type": "string"
    },
    "Decimal": {
      "description": "A fixed-point decimal value with 18 fractional digits, i.e. Decimal(1_000_000_000_000_000_000) == 1.0\n\nThe greatest possible value that can be represented is 340282366920938463463.374607431768211455 (which is (2^128 - 1) / 10^18)",
      "type": "string"
    }
  }
}
