{
  "$schema": "http://json-schema.org/draft-07/schema#",
  "title": "ReceiveMsg",
  "oneOf": [
    {
      "description": "Submit an unbonding request to the current unbonding queue; automatically invokes `unbond` if `epoch_time` has elapsed since when the last unbonding queue was executed.",
      "type": "object",
      "required": [
        "queue_unbond"
      ],
      "properties": {
        "queue_unbond": {
          "type": "object",
          "properties": {
            "receiver": {
              "type": [
                "string",
                "null"
              ]
            }
          }
        }
      },
      "additionalProperties": false
    }
  ]
}
