{
  "$schema": "http://json-schema.org/draft-07/schema#",
  "title": "StateResponse",
  "type": "object",
  "required": [
    "available",
    "exchange_rate",
    "total_uluna",
    "total_ustake",
    "tvl_uluna",
    "unbonding",
    "unlocked_coins"
  ],
  "properties": {
    "available": {
      "$ref": "#/definitions/Uint128"
    },
    "exchange_rate": {
      "description": "The exchange rate between ustake and uluna, in terms of uluna per ustake",
      "allOf": [
        {
          "$ref": "#/definitions/Decimal"
        }
      ]
    },
    "total_uluna": {
      "description": "Total amount of uluna staked (bonded)",
      "allOf": [
        {
          "$ref": "#/definitions/Uint128"
        }
      ]
    },
    "total_ustake": {
      "description": "Total supply to the Stake token",
      "allOf": [
        {
          "$ref": "#/definitions/Uint128"
        }
      ]
    },
    "tvl_uluna": {
      "$ref": "#/definitions/Uint128"
    },
    "unbonding": {
      "$ref": "#/definitions/Uint128"
    },
    "unlocked_coins": {
      "description": "Staking rewards currently held by the contract that are ready to be reinvested",
      "type": "array",
      "items": {
        "$ref": "#/definitions/Coin"
      }
    }
  },
  "definitions": {
    "Coin": {
      "type": "object",
      "required": [
        "amount",
        "denom"
      ],
      "properties": {
        "amount": {
          "$ref": "#/definitions/Uint128"
        },
        "denom": {
          "type": "string"
        }
      }
    },
    "Decimal": {
      "description": "A fixed-point decimal value with 18 fractional digits, i.e. Decimal(1_000_000_000_000_000_000) == 1.0\n\nThe greatest possible value that can be represented is 340282366920938463463.374607431768211455 (which is (2^128 - 1) / 10^18)",
      "type": "string"
    },
    "Uint128": {
      "description": "A thin wrapper around u128 that is using strings for JSON encoding/decoding, such that the full u128 range can be used for clients that convert JSON numbers to floats, like JavaScript and jq.\n\n# Examples\n\nUse `from` to create instances of this and `u128` to get the value out:\n\n``` # use cosmwasm_std::Uint128; let a = Uint128::from(123u128); assert_eq!(a.u128(), 123);\n\nlet b = Uint128::from(42u64); assert_eq!(b.u128(), 42);\n\nlet c = Uint128::from(70u32); assert_eq!(c.u128(), 70); ```",
      "type": "string"
    }
  }
}
