{
  "$schema": "http://json-schema.org/draft-07/schema#",
  "title": "Cw20HookMsg",
  "description": "This structure describes custom hooks for the CW20.",
  "oneOf": [
    {
      "type": "object",
      "required": [
        "bond"
      ],
      "properties": {
        "bond": {
          "type": "object",
          "properties": {
            "staker_addr": {
              "type": [
                "string",
                "null"
              ]
            }
          }
        }
      },
      "additionalProperties": false
    },
    {
      "type": "object",
      "required": [
        "unbond"
      ],
      "properties": {
        "unbond": {
          "type": "object",
          "properties": {
            "receiver": {
              "type": [
                "string",
                "null"
              ]
            }
          }
        }
      },
      "additionalProperties": false
    }
  ]
}
