{
  "$schema": "http://json-schema.org/draft-07/schema#",
  "title": "QueryMsg",
  "description": "This structure describes query messages available in the contract.",
  "oneOf": [
    {
      "description": "Returns the contract config",
      "type": "object",
      "required": [
        "config"
      ],
      "properties": {
        "config": {
          "type": "object"
        }
      },
      "additionalProperties": false
    },
    {
      "description": "Returns the deposited balances",
      "type": "object",
      "required": [
        "user_info"
      ],
      "properties": {
        "user_info": {
          "type": "object",
          "required": [
            "staker_addr"
          ],
          "properties": {
            "staker_addr": {
              "type": "string"
            }
          }
        }
      },
      "additionalProperties": false
    },
    {
      "description": "Returns the global state",
      "type": "object",
      "required": [
        "state"
      ],
      "properties": {
        "state": {
          "type": "object",
          "properties": {
            "staker_addr": {
              "type": [
                "string",
                "null"
              ]
            }
          }
        }
      },
      "additionalProperties": false
    }
  ]
}
